test_number,head_loss,volume,time,discharge,velocity,friction_factor,reynolds_number
1,0.364,0.255,60.26,4.23166279455692e-06,0.598657823334931,0.119562314204601,2195.5665892479133
2,0.32999999999999996,0.245,60.29,4.063692154586167e-06,0.574894838761016,0.11754045672651067,2108.416279074631
3,0.28600000000000003,0.23,60.05,3.830141548709409e-06,0.541854186861111,0.11467042433595358,1987.240294111654
4,0.255,0.215,60.14,3.574991686065846e-06,0.50575786519983,0.11735595803907571,1854.857696331895
5,0.212,0.185,60.19,3.073600265824888e-06,0.4348254892396395,0.13199458831724456,1594.7145082138368
6,0.17400000000000002,0.165,60.22,2.7399535038193295e-06,0.38762412797760415,0.1363257505015928,1421.6043813359568
7,0.139,0.145,60.12,2.411842980705256e-06,0.34120598430287313,0.14055029926235016,1251.3666905973344
8,0.09999999999999998,0.105,60.28,1.7418712674187124e-06,0.24642437550171803,0.19385764124989477,903.7568783681592
