test_number,head_loss,volume,time,discharge,velocity,friction_factor,reynolds_number
1,0.33499999999999996,0.24,60.19,3.987373317826882e-06,0.5640979319865594,0.12393273822620442,1931.842232830683
2,0.29900000000000004,0.238,60.18,3.954802259887006e-06,0.5594900698773472,0.11244410086590222,1916.0618831416
3,0.258,0.232,60.11,3.859590750291133e-06,0.5460203966405253,0.1018713888646823,1869.9328652072784
4,0.221,0.213,60.06,3.5464535464535464e-06,0.5017205443234352,0.10335196962132363,1718.2210422035453
5,0.18699999999999997,0.189,60.14,3.1426671100764883e-06,0.4445964489431064,0.11136786160133443,1522.5905785722823
6,0.14600000000000002,0.146,60.04,2.431712191872085e-06,0.344016902678462,0.1452257227079379,1178.140077665966
7,0.11300000000000002,0.112,60.19,1.8607742149858783e-06,0.26324570159372773,0.19195795731960089,901.5263753209854
8,0.07499999999999998,0.076,60.19,1.2626682173118458e-06,0.17863101179574378,0.2766927632288023,611.7500403963829
