test_number,head_loss,volume,time,discharge,velocity,friction_factor,reynolds_number
1,0.381,0.25,60.07,4.16181122024305e-06,0.5887758470373282,0.1293824161973088,2159.3246223862893
2,0.34299999999999997,0.24,59.93,4.004672117470382e-06,0.5665452115179545,0.1257984317455112,2077.794174271227
3,0.305,0.23,59.93,3.83781077924245e-06,0.5429391610380396,0.12180013165856375,1991.2194170099253
4,0.244,0.21,60.02,3.4988337220926353e-06,0.4949837172690291,0.11723526085104925,1815.3437063656327
5,0.207,0.19,60.33,3.149345267694348e-06,0.44554121498366567,0.12275659377800378,1634.0142358814146
6,0.16600000000000004,0.16,59.97,2.6680006670001665e-06,0.37744488384493363,0.13716751015034268,1384.2721901403436
7,0.127,0.13,59.98,2.1673891297099034e-06,0.3066228387528642,0.15901751934398833,1124.5336384579375
8,0.098,0.105,59.98,1.7505835278426143e-06,0.24765690822346725,0.18809421360723727,908.2771695237186
