test_number,head_loss,volume,time,discharge,velocity,friction_factor,reynolds_number
1,0.371,0.242,60.0,4.033333333333333e-06,0.5705999441220544,0.1341407448253188,2134.413756067535
2,0.354,0.24,60.0,4e-06,0.5658842421045167,0.13013625792257644,2116.7739729595387
3,0.334,0.232,60.0,3.866666666666666e-06,0.5470214340343662,0.13139778153370843,2046.2148405275543
4,0.313,0.23,60.0,3.833333333333334e-06,0.5423057320168286,0.12528705514266048,2028.5750574195586
5,0.29500000000000004,0.225,60.0,3.75e-06,0.5305164769729845,0.1233884519562206,1984.475599649568
6,0.273,0.218,60.0,3.6333333333333334e-06,0.5140115199116028,0.12163741879695693,1922.7363587715813
7,0.23399999999999999,0.21,60.0,3.5e-06,0.4951487118414522,0.11235562081451078,1852.1772263395967
8,0.197,0.19,60.0,3.1666666666666667e-06,0.4479916916660758,0.11555175876011858,1675.779395259635
