test_number,head_loss,volume,time,discharge,velocity,friction_factor,reynolds_number
1,0.348,0.24,60.54,3.96432111000991e-06,0.5608367116992237,0.1302436710664462,1970.1523830183503
2,0.32799999999999996,0.23,60.38,3.8092083471348127e-06,0.5388927446341456,0.1329595155614673,1893.0658476609333
3,0.252,0.215,60.31,3.564914607859393e-06,0.5043322502589583,0.11663188988707639,1771.6589587551232
4,0.20999999999999996,0.19,60.04,3.1645569620253162e-06,0.44769322951306706,0.12334129247161699,1572.6928437227182
5,0.17500000000000002,0.145,60.24,2.4070385126162016e-06,0.3405262911070506,0.17765891507609655,1196.2281889006465
6,0.135,0.14,60.26,2.323265847992035e-06,0.3286748833995701,0.1471129779597182,1154.5956091319795
7,0.09,0.097,60.04,1.6155896069287143e-06,0.22855917506719742,0.20281283838689584,802.90108337423
8,0.030000000000000027,0.03,60.69,4.943153732081067e-07,0.0699313200821202,0.7221510637283044,245.66037499573847
