test_number,head_loss,volume,time,discharge,velocity,friction_factor,reynolds_number
1,0.36,0.245,60.46,4.052265960965928e-06,0.5732783630317839,0.1289500909420924,2057.2190060949188
2,0.322,0.24,60.29,3.980759661635428e-06,0.5631622910311992,0.11951956148110457,2020.917312312916
3,0.285,0.235,60.43,3.888796955154724e-06,0.5501522294165209,0.11084838217595791,1974.2304883367976
4,0.24700000000000003,0.23,60.3,3.814262023217247e-06,0.5396076935490831,0.09985985716934513,1936.3912447933608
5,0.21000000000000002,0.215,60.11,3.5767759108301447e-06,0.5060102813694523,0.09654968603964084,1815.8263685506663
6,0.177,0.175,60.22,2.9060112919295913e-06,0.41111649937018613,0.12328030676253117,1475.298442715979
7,0.13799999999999998,0.142,59.94,2.3690357023690355e-06,0.3351499932384108,0.14462751023921816,1202.6913632957326
8,0.10100000000000003,0.1,59.72,1.6744809109176158e-06,0.23689059029827397,0.21187319071958177,850.0858503526579
