test_number,h1,h2,hl,volume,time
1,0.063,0.427,0.364,0.255,60.26
2,0.08,0.41,0.32999999999999996,0.245,60.29
3,0.103,0.389,0.28600000000000003,0.23,60.05
4,0.119,0.374,0.255,0.215,60.14
5,0.141,0.353,0.212,0.185,60.19
6,0.162,0.336,0.17400000000000002,0.165,60.22
7,0.18,0.319,0.139,0.145,60.12
8,0.201,0.301,0.09999999999999998,0.105,60.28
