test_number,h1,h2,hl,volume,time
1,0.095,0.44,0.345,0.24,60.04
2,0.115,0.414,0.299,0.23,59.55
3,0.13,0.405,0.275,0.24,60.21
4,0.148,0.389,0.24100000000000002,0.235,60.66
5,0.165,0.377,0.212,0.205,60.23
6,0.184,0.361,0.177,0.17,60.8
7,0.203,0.345,0.14199999999999996,0.14,59.1
8,0.222,0.329,0.10700000000000001,0.105,59.76
