test_number,h1,h2,hl,volume,time
1,0.111,0.482,0.371,0.242,60.0
2,0.12,0.474,0.354,0.24,60.0
3,0.13,0.464,0.334,0.232,60.0
4,0.14,0.453,0.313,0.23,60.0
5,0.15,0.445,0.29500000000000004,0.225,60.0
6,0.16,0.433,0.273,0.218,60.0
7,0.18,0.414,0.23399999999999999,0.21,60.0
8,0.2,0.397,0.197,0.19,60.0
