test_number,h1,h2,hl,volume,time
1,0.085,0.416,0.33099999999999996,0.255,60.34
2,0.098,0.405,0.30700000000000005,0.252,60.27
3,0.109,0.394,0.28500000000000003,0.25,60.32
4,0.119,0.385,0.266,0.244,60.37
5,0.131,0.375,0.244,0.231,60.23
6,0.144,0.365,0.221,0.21,60.36
7,0.156,0.355,0.19899999999999998,0.195,60.61
8,0.17,0.344,0.17399999999999996,0.17,60.34
9,0.182,0.335,0.15300000000000002,0.15,60.38
10,0.192,0.325,0.133,0.135,60.33
11,0.204,0.315,0.11100000000000002,0.113,60.37
12,0.216,0.305,0.089,0.089,60.31
13,0.228,0.295,0.06699999999999998,0.067,60.44
14,0.239,0.285,0.045999999999999985,0.048,60.36
15,0.25,0.275,0.025000000000000022,0.028,60.29
16,0.256,0.27,0.014000000000000012,0.014,60.6
