test_number,h1,h2,hl,volume,time
1,0.06,0.408,0.348,0.24,60.54
2,0.08,0.408,0.32799999999999996,0.23,60.38
3,0.12,0.372,0.252,0.215,60.31
4,0.14,0.35,0.20999999999999996,0.19,60.04
5,0.16,0.335,0.17500000000000002,0.145,60.24
6,0.18,0.315,0.135,0.14,60.26
7,0.205,0.295,0.09,0.097,60.04
8,0.237,0.267,0.030000000000000027,0.03,60.69
