test_number,h1,h2,hl,volume,time
1,0.088,0.423,0.33499999999999996,0.24,60.19
2,0.106,0.405,0.29900000000000004,0.238,60.18
3,0.127,0.385,0.258,0.232,60.11
4,0.147,0.368,0.221,0.213,60.06
5,0.166,0.353,0.18699999999999997,0.189,60.14
6,0.187,0.333,0.14600000000000002,0.146,60.04
7,0.207,0.32,0.11300000000000002,0.112,60.19
8,0.228,0.303,0.07499999999999998,0.076,60.19
