test_number,h1,h2,hl,volume,time
1,0.095,0.455,0.36,0.245,60.46
2,0.115,0.437,0.322,0.24,60.29
3,0.135,0.42,0.285,0.235,60.43
4,0.155,0.402,0.24700000000000003,0.23,60.3
5,0.175,0.385,0.21000000000000002,0.215,60.11
6,0.193,0.37,0.177,0.175,60.22
7,0.215,0.353,0.13799999999999998,0.142,59.94
8,0.235,0.336,0.10100000000000003,0.1,59.72
