test_number,h1,h2,hl,volume,time
1,0.062,0.443,0.381,0.25,60.07
2,0.082,0.425,0.34299999999999997,0.24,59.93
3,0.102,0.407,0.305,0.23,59.93
4,0.133,0.377,0.244,0.21,60.02
5,0.153,0.36,0.207,0.19,60.33
6,0.173,0.339,0.16600000000000004,0.16,59.97
7,0.195,0.322,0.127,0.13,59.98
8,0.211,0.309,0.098,0.105,59.98
